ID;FirstName;LastName;Patronymic;Birthday;RegistrationDate;Email;Phone;GenderCode;PhotoPath
;Оскар;Васильев;Богданович;30.01.1971;28.05.2017;miturria@verizon.net;7(585)801-94-29 ;м;NULL
;Алексей;Лазарев;Богданович;10.03.1977;02.01.2017;claesjac@me.com;7(0055)737-37-48 ;м;NULL
;Дмитрий;Казаков;Русланович;15.12.1978;21.05.2016;ozawa@verizon.net;7(51)682-19-40 ;м;NULL
;Харита;Попова;Якуновна;16.12.1997;05.07.2016;firstpr@verizon.net;7(335)386-81-06 ;ж;NULL
;Георгина;Турова;Семёновна;28.05.1974;22.02.2018;yruan@optonline.net;7(555)321-42-99 ;ж;NULL
;Станислав;Андреев;Максович;10.10.1975;26.12.2017;budinger@mac.com;7(02)993-91-28 ;м;NULL
;Влада;Орлова;Мартыновна;26.06.1990;21.03.2016;rnelson@yahoo.ca;7(2506)433-38-35 ;ж;NULL
;Любава;Костина;Авксентьевна;13.07.1972;26.02.2016;gordonjcp@hotmail.com;7(6419)959-21-87 ;ж;NULL
;Станислав;Александров;Эдуардович;04.07.1981;08.11.2018;bigmauler@aol.com;7(18)164-05-12 ;м;NULL
;Анэля;Корнилова;Михайловна;02.04.1973;22.05.2016;jonathan@aol.com;7(20)980-01-60 ;ж;NULL
;Наум;Морозов;Валерьянович;04.07.1985;02.05.2016;salesgeek@mac.com;7(636)050-96-13 ;м;NULL
;Эльмира;Баранова;Дмитриевна;15.01.1977;08.07.2016;jgmyers@comcast.net;7(9240)643-15-50 ;ж;NULL
;Амелия;Степанова;Робертовна;06.06.1970;27.09.2017;rasca@hotmail.com;7(1217)441-28-42 ;ж;NULL
;Давид;Горбачёв;Тимурович;22.05.1983;17.12.2018;hedwig@att.net;7(53)602-85-41 ;м;NULL
;Людвиг;Волков;Витальевич;27.12.1977;27.04.2016;jrkorson@msn.com;7(8459)592-05-58 ;м;NULL
;Амалия;Комиссарова;Робертовна;18.08.1971;04.08.2017;jorgb@msn.com;7(22)647-46-32 ;ж;NULL
;Вадим;Большаков;Данилович;15.05.1970;04.08.2018;uncle@gmail.com;7(386)641-13-37 ;м;NULL
;Станислав;Абрамов;Филатович;18.05.1989;08.12.2016;solomon@att.net;7(6545)478-87-79 ;м;NULL
;Леонтий;Журавлёв;Яковлевич;02.03.2000;15.01.2018;cmdrgravy@me.com;7(4403)308-56-96 ;м;NULL
;Глеб;Селиверстов;Максимович;20.06.1999;07.01.2016;jigsaw@sbcglobal.net;7(20)554-28-68 ;м;NULL
;Устин;Киселёв;Яковлевич;08.01.1985;21.06.2018;dalamb@verizon.net;7(83)334-52-76 ;м;NULL
;Матвей;Зуев;Иванович;28.03.1981;18.12.2018;brickbat@verizon.net;7(5383)893-04-66 ;м;NULL
;Глеб;Ершов;Федорович;14.06.1970;14.09.2016;sjava@aol.com;7(2608)298-40-82 ;м;NULL
;Георгий;Бобылёв;Витальевич;19.12.1983;06.04.2018;csilvers@mac.com;7(88)685-13-51 ;м;NULL
;Витольд;Ефремов;Авксентьевич;02.12.1975;09.04.2018;kwilliams@yahoo.ca;7(93)922-14-03 ;м;NULL
;Патрисия;Андреева;Валерьевна;18.11.1993;17.07.2016;jigsaw@aol.com;7(9648)953-81-26 ;ж;NULL
;Магда;Ефимова;Платоновна;16.08.1995;01.08.2017;rbarreira@me.com;7(9261)386-15-92 ;ж;NULL
;Иосиф;Голубев;Тимофеевич;06.05.1982;18.08.2018;smcnabb@att.net;7(78)972-73-11 ;м;NULL
;Макар;Евсеев;Васильевич;13.09.1977;05.12.2018;parsimony@sbcglobal.net;7(2141)077-85-70 ;м;NULL
;Агафон;Бобров;Лаврентьевич;29.07.1995;09.05.2017;petersen@comcast.net;7(2159)507-39-57 ;м;NULL
;Захар;Игнатов;Павлович;07.10.1998;10.11.2017;dieman@icloud.com;7(578)574-73-36 ;м;NULL
;Янита;Гущина;Федоровна;02.03.1999;01.02.2018;lishoy@att.net;7(4544)716-68-96 ;ж;NULL
;Артур;Калашников;Юрьевич;13.12.1972;20.08.2017;oevans@aol.com;7(147)947-47-21 ;м;NULL
;Элина;Дмитриева;Даниловна;10.12.1988;11.02.2017;vmalik@live.com;7(787)140-48-84 ;ж;NULL
;Сандра;Федотова;Владленовна;29.03.1985;08.11.2016;penna@verizon.net;7(126)195-25-86 ;ж;NULL
;Дэнна;Кузьмина;Витальевна;24.08.1993;27.03.2016;nichoj@mac.com;7(9940)977-45-73 ;ж;NULL
;Злата;Колобова;Романовна;25.08.1994;03.12.2016;sinkou@aol.com;7(50)884-07-35 ;ж;NULL
;Варлам;Некрасов;Михайлович;12.11.2000;03.12.2017;dogdude@verizon.net;7(019)258-06-35 ;м;NULL
;Орест;Колобов;Юлианович;14.07.2001;01.01.2017;parkes@verizon.net;7(1680)508-58-26 ;м;NULL
;Пантелеймон;Блохин;Феликсович;06.03.1978;14.02.2018;balchen@comcast.net;7(9524)556-48-98 ;м;NULL
;Петр;Калинин;Иванович;08.09.1993;26.05.2016;aschmitz@hotmail.com;7(90)316-07-17 ;м;NULL
;Сабрина;Беляева;Федосеевна;26.07.1972;14.06.2017;agapow@gmail.com;7(6580)534-32-58 ;ж;NULL
;Юстиниан;Агафонов;Олегович;02.02.1997;08.06.2016;staffelb@sbcglobal.net;7(303)810-28-78 ;м;NULL
;Марфа;Мамонтова;Мироновна;19.10.1984;27.02.2018;rfoley@verizon.net;7(38)095-64-18 ;ж;NULL
;Евгений;Блинов;Мэлсович;05.01.1994;07.05.2017;moxfulder@outlook.com;7(0852)321-82-64 ;м;NULL
;Изабелла;Воронова;Вячеславовна;24.09.1999;21.12.2017;kildjean@sbcglobal.net;7(17)433-44-98 ;ж;NULL
;Святослав;Медведев;Юлианович;04.10.1972;13.10.2018;hllam@comcast.net;7(3520)435-21-20 ;м;NULL
;Эвелина;Куликова;Вячеславовна;14.11.1997;01.02.2018;ilikered@hotmail.com;7(0236)682-42-78 ;ж;NULL
;Божена;Суворова;Анатольевна;09.03.1981;28.01.2016;attwood@aol.com;7(347)895-86-57 ;ж;NULL
;Амалия;Егорова;Дамировна;28.09.1999;30.06.2016;drezet@yahoo.com;7(7486)408-12-26 ;ж;NULL
